wearable/rhapsody.jpg	rhapsody in white
wearable/PXL_full.jpg	full length
wearable/AnjaBass.jpg	with bass
wearable/Biased-front.jpg	Shy Lisbeth
wearable/Aubry.jpg	dress
wearable/castle3-588.jpg	at the castle
wearable/Tatiana.jpg	Tatiana
wearable/checkered.jpg	checkered history
wearable/obey2020_front.jpg	love, honor, obey
wearable/eyes_front.jpg	St. Lucia eyes
wearable/eyes_back.jpg	St. Lucia eyes
wearable/dressing_shame.jpg	a dressing shame
wearable/Louvre2.jpg	the Louvre
wearable/attorney_lamb.jpg	Attorney Lamb
wearable/best_front.jpg	best front
wearable/best_back.jpg	best back
wearable/read_my_lips.jpg	Read My Lips
wearable/Yellow-woven_front.jpg	Yellow, woven dress, front view
wearable/Louvre.jpg	dancing on the Louvre
wearable/All-tied-up_front.jpg	all tied up
quilts/pilsburys_best.jpg	Pilsbury's Best
quilts/mourning_dove.jpg	Still Life with Mourning Dove
quilts/burlesque.jpg	burlesque noir
quilts/grow_up.jpg	when I grow up
quilts/heart.jpg	
quilts/home.jpg	no place like home
quilts/letters.jpg	weight of letters
quilts/oceans_breath.jpg	ocean's breath
quilts/portals.jpg	portals of love
quilts/rust_reverence.jpg	rust & reverence
quilts/treasures.jpg	tiny treasures
quilts/unraveling.jpg	unraveling
quilts/archetypes.jpg	archetypes in gold & brown
quilts/cries.jpg	cries beneath the waves
quilts/esmerelda.jpg	Esmerelda's passage
quilts/barbie.jpg	Barbie's nightmare
quilts/cravings.jpg	hidden cravings
quilts/five_years.jpg	five years
quilts/brillo.jpg	brillo on the brain
quilts/inferno.jpg	Ankh's inferno
quilts/entropy.jpg	entropy
quilts/mandalic.jpg	entropy
3D/glasses.jpg	glasses
3D/sewing_machine.jpg	sewing machine
3D/typewriter.jpg	assemblege
3D/aliens2.jpg	aliens
3D/aliens2_detail.jpg	aliens detail
3D/aliens_group.jpg	aliens group
3D/chubby_alien.jpg	chubby_alien
3D/fold.jpg	in the fold
3D/resilience.jpg	altar of resilience
3D/turn-on.jpg	you turn me on
jackets/1920a.jpg	jacket1920
jackets/1920b.jpg	jacket1920
jackets/1940a.jpg	jacket1940
jackets/1940b.jpg	jacket1940
jackets/2792.jpg	jacket2792
jackets/2793.jpg	jacket2793
jackets/2913.jpg	jacket2913
jackets/2914.jpg	jacket2914
jackets/jacket.jpg	suave jacket guy
jackets/2829.jpg	jacket2829
jackets/2831.jpg	jacket2831
jackets/black_bussle1.jpg	black_bussle
jackets/black_bussle2.jpg	black_bussle2
jackets/peacock1.jpg	peacock jacket
jackets/peacock2.jpg	peacock jacket
spats/RedBoots.jpg	red boots
spats/CreepyBaby.jpg	creepy baby
spats/spats.jpg	spats
spats/LaceBoot.jpg	lace boots
spats/Spats-1.jpg	spats
spats/Spats-4.jpg	spats
